chr,start,end,arm,gc,map,filtered.bases
chr1,2500001,5000000,1p,0.4888856,0.970414833286532,814
chr1,5000001,7500000,1p,0.4888576,0.982107457353153,0
chr1,7500001,10000000,1p,0.4761804,0.98264098599957,0
chr1,10000001,12500000,1p,0.4865856,0.982915784058792,0
chr1,12500001,15000000,1p,0.413286,0.801868289318866,0
chr1,15000001,17500000,1p,0.4819072,0.930327379592244,27
chr1,17500001,20000000,1p,0.494252,0.991339046418927,346
chr1,20000001,22500000,1p,0.47172,0.973891548432528,0
chr1,22500001,25000000,1p,0.4736504,0.984071622274726,68
chr1,25000001,27500000,1p,0.4830868,0.961050140348725,113
chr1,27500001,30000000,1p,0.4446356,0.978320375141156,71
chr1,30000001,32500000,1p,0.4713376,0.981941166955243,228
chr1,32500001,35000000,1p,0.4605632,0.975072367571794,80
chr1,35000001,37500000,1p,0.4553108,0.981173740640519,63
chr1,37500001,40000000,1p,0.458402,0.976640445603836,48
chr1,40000001,42500000,1p,0.4573288,0.974205724827409,0
chr1,42500001,45000000,1p,0.451696,0.981452345598805,754
chr1,45000001,47500000,1p,0.4477068,0.954358251259611,98
chr1,47500001,50000000,1p,0.4257844,0.955634689677326,0
chr1,50000001,52500000,1p,0.3998128,0.969112384678011,0
chr1,52500001,55000000,1p,0.4567208,0.981137761491929,0
chr1,55000001,57500000,1p,0.4224484,0.978515020470132,0
chr1,57500001,60000000,1p,0.410842,0.97192448341611,63
chr1,60000001,62500000,1p,0.3934504,0.96811492248216,0
chr1,62500001,65000000,1p,0.4059256,0.97662126401,0
chr1,65000001,67500000,1p,0.388592,0.966893669214512,24
chr1,67500001,70000000,1p,0.391658,0.967869660481433,711
chr1,70000001,72500000,1p,0.3659056,0.968874722218394,0
chr1,72500001,75000000,1p,0.3515296,0.975653287888364,0
chr1,75000001,77500000,1p,0.3805952,0.959647889228264,134
chr1,77500001,80000000,1p,0.3745996,0.971647496145076,0
chr1,80000001,82500000,1p,0.3583812,0.97280707476348,0
chr1,82500001,85000000,1p,0.3709904,0.922231183559755,215
chr1,85000001,87500000,1p,0.3879552,0.962251954525959,0
chr1,87500001,90000000,1p,0.3863664,0.975106533540234,0
chr1,90000001,92500000,1p,0.398358,0.96478782635153,362
chr1,92500001,95000000,1p,0.401614,0.962424028822125,75
chr1,95000001,97500000,1p,0.386982,0.971842251944669,0
chr1,97500001,100000000,1p,0.3606456,0.971804175328043,0
chr1,100000001,102500000,1p,0.377878,0.978439156188861,153
chr1,102500001,105000000,1p,0.342104,0.894558829145065,14098
chr1,105000001,107500000,1p,0.3490332,0.967449221232658,0
chr1,107500001,110000000,1p,0.400918,0.932862465778585,771
chr1,110000001,112500000,1p,0.440044,0.976066300149557,224
chr1,112500001,115000000,1p,0.4206168,0.961884150822277,0
chr1,115000001,117500000,1p,0.415466,0.96909845396878,0
chr1,117500001,120000000,1p,0.3963604,0.958059498102615,0
chr1,125000001,127500000,1q,0,0,0
chr1,127500001,130000000,1q,0,0,0
chr1,130000001,132500000,1q,0,0,0
chr1,132500001,135000000,1q,0,0,0
chr1,135000001,137500000,1q,0,0,0
chr1,137500001,140000000,1q,0,0,0
chr1,140000001,142500000,1q,0,0,0
chr1,142500001,145000000,1q,0.2809196,0.417586450414439,12436
chr1,145000001,147500000,1q,0.3946132,0.713406403734269,319
chr1,147500001,150000000,1q,0.3448184,0.487659353256405,3205
chr1,150000001,152500000,1q,0.4407612,0.968132119643846,91
chr1,152500001,155000000,1q,0.4529,0.967719536087779,0
chr1,155000001,157500000,1q,0.4772316,0.967532115409666,75
chr1,157500001,160000000,1q,0.4014368,0.953107074603047,0
chr1,160000001,162500000,1q,0.4390924,0.941215450723435,0
chr1,162500001,165000000,1q,0.3882864,0.966417557385775,0
chr1,165000001,167500000,1q,0.4131592,0.969778912732412,63
chr1,167500001,170000000,1q,0.3979068,0.973358193416837,372
chr1,170000001,172500000,1q,0.3860588,0.962657732124015,0
chr1,172500001,175000000,1q,0.3884364,0.952357708736862,161
chr1,175000001,177500000,1q,0.4096536,0.974622968037215,0
chr1,177500001,180000000,1q,0.4043124,0.96530425864339,0
chr1,180000001,182500000,1q,0.4230236,0.975315370356895,50
chr1,182500001,185000000,1q,0.406784,0.976282339040244,0
chr1,185000001,187500000,1q,0.3689976,0.967414401065066,0
chr1,187500001,190000000,1q,0.3444792,0.968518597327674,0
chr1,190000001,192500000,1q,0.3418908,0.979202918037751,0
chr1,192500001,195000000,1q,0.358578,0.975667426931325,0
chr1,195000001,197500000,1q,0.3482708,0.961237693553281,0
chr1,197500001,200000000,1q,0.3659936,0.972650191752617,0
chr1,200000001,202500000,1q,0.4559916,0.971753152889864,2672
chr1,202500001,205000000,1q,0.466736,0.981098933402225,0
chr1,205000001,207500000,1q,0.3963468,0.927398435122258,0
chr1,207500001,210000000,1q,0.4201184,0.969336495417161,73
chr1,210000001,212500000,1q,0.4151008,0.968880277357167,420
chr1,212500001,215000000,1q,0.4152916,0.976316594512915,0
chr1,215000001,217500000,1q,0.3715564,0.98151553570397,0
chr1,217500001,220000000,1q,0.3788268,0.975214802472891,0
chr1,220000001,222500000,1q,0.396798,0.975923184860303,36
chr1,222500001,225000000,1q,0.4196928,0.908606998935015,5074
chr1,225000001,227500000,1q,0.4286212,0.971311165331488,0
chr1,227500001,230000000,1q,0.4644468,0.958214116398527,81
chr1,230000001,232500000,1q,0.4316444,0.978073341190748,193
chr1,232500001,235000000,1q,0.4169668,0.979708864731359,23
chr1,235000001,237500000,1q,0.4170804,0.977545030348263,0
chr1,237500001,240000000,1q,0.3748172,0.981549929687153,6242
chr1,240000001,242500000,1q,0.4009528,0.973489189492301,131
chr1,242500001,245000000,1q,0.40614,0.912371882530391,0
chr1,245000001,247500000,1q,0.4270044,0.967733703550614,880
chr2,2500001,5000000,2p,0.4265188,0.971793933320151,0
chr2,5000001,7500000,2p,0.38904,0.982242301092196,47
chr2,7500001,10000000,2p,0.4343832,0.984787367102108,0
chr2,10000001,12500000,2p,0.4559308,0.980558087867249,0
chr2,12500001,15000000,2p,0.3744048,0.963355891324548,0
chr2,15000001,17500000,2p,0.4065116,0.980832658223036,51
chr2,17500001,20000000,2p,0.3965668,0.965969663435395,0
chr2,20000001,22500000,2p,0.4076924,0.976521548002162,123
chr2,22500001,25000000,2p,0.4145812,0.977424128398259,271
chr2,25000001,27500000,2p,0.4648068,0.984041504024941,0
chr2,27500001,30000000,2p,0.4354676,0.984263243492827,0
chr2,30000001,32500000,2p,0.4224076,0.972477316673983,266
chr2,32500001,35000000,2p,0.3922356,0.972348388237874,222
chr2,35000001,37500000,2p,0.3766396,0.967064172724274,105
chr2,37500001,40000000,2p,0.4079556,0.976725955616476,0
chr2,40000001,42500000,2p,0.3820308,0.974515718486908,0
chr2,42500001,45000000,2p,0.4222844,0.978745867887383,0
chr2,45000001,47500000,2p,0.4394412,0.984319114790777,0
chr2,47500001,50000000,2p,0.4048044,0.972144712407699,0
chr2,50000001,52500000,2p,0.3554832,0.980789663719775,707
chr2,52500001,55000000,2p,0.3861228,0.980196479542378,83
chr2,55000001,57500000,2p,0.3830556,0.962822646227081,0
chr2,57500001,60000000,2p,0.366622,0.966114497161066,229
chr2,60000001,62500000,2p,0.4174284,0.9780520096182,67
chr2,62500001,65000000,2p,0.3957372,0.968644710704828,714
chr2,65000001,67500000,2p,0.4091448,0.966584455603282,107
chr2,67500001,70000000,2p,0.4028268,0.976077872577042,0
chr2,70000001,72500000,2p,0.4455452,0.968322150023046,182
chr2,72500001,75000000,2p,0.431656,0.963612647978092,0
chr2,75000001,77500000,2p,0.3795568,0.957754848304683,0
chr2,77500001,80000000,2p,0.361838,0.965093967530032,271
chr2,80000001,82500000,2p,0.3702884,0.980793181289323,242
chr2,82500001,85000000,2p,0.3649784,0.971252020227644,106
chr2,85000001,87500000,2p,0.4412424,0.882377714110115,0
chr2,87500001,90000000,2p,0.3792156,0.717481172447914,49261
chr2,97500001,100000000,2q,0.4246632,0.863699731704031,474
chr2,100000001,102500000,2q,0.4305892,0.977784638210565,0
chr2,102500001,105000000,2q,0.3821588,0.982370386036694,0
chr2,105000001,107500000,2q,0.4242092,0.946804433232693,144
chr2,107500001,110000000,2q,0.4067908,0.927657707858414,521
chr2,110000001,112500000,2q,0.4153088,0.714051027817003,45
chr2,112500001,115000000,2q,0.4243488,0.850827025682661,2067
chr2,115000001,117500000,2q,0.366916,0.97060757355076,409
chr2,117500001,120000000,2q,0.408172,0.954506794268302,4675
chr2,120000001,122500000,2q,0.4548692,0.984986399337093,360
chr2,122500001,125000000,2q,0.3831368,0.971117941049942,0
chr2,125000001,127500000,2q,0.3811712,0.970761067166574,200
chr2,127500001,130000000,2q,0.45516,0.97998778878313,855
chr2,130000001,132500000,2q,0.4431532,0.796195374580217,1030
chr2,132500001,135000000,2q,0.4052148,0.887701520978138,42085
chr2,135000001,137500000,2q,0.4094712,0.968859178938241,0
chr2,137500001,140000000,2q,0.3752712,0.970853293799275,0
chr2,140000001,142500000,2q,0.3533028,0.982170848926571,0
chr2,142500001,145000000,2q,0.3626836,0.975307395686617,93
chr2,145000001,147500000,2q,0.361062,0.984766615593528,143
chr2,147500001,150000000,2q,0.3668216,0.970023160631196,132
chr2,150000001,152500000,2q,0.3860752,0.96527791579906,0
chr2,152500001,155000000,2q,0.3831548,0.968371355373607,48
chr2,155000001,157500000,2q,0.3560948,0.971523576241165,1383
chr2,157500001,160000000,2q,0.388854,0.957961954482708,406
chr2,160000001,162500000,2q,0.3841064,0.963749766214189,238
chr2,162500001,165000000,2q,0.3600176,0.983472233786647,0
chr2,165000001,167500000,2q,0.362106,0.975392259717479,0
chr2,167500001,170000000,2q,0.3813216,0.965013765673878,85
chr2,170000001,172500000,2q,0.399544,0.970324746539171,116
chr2,172500001,175000000,2q,0.4090636,0.974654456864518,0
chr2,175000001,177500000,2q,0.3982028,0.969517451583278,44
chr2,177500001,180000000,2q,0.3890888,0.968936439341846,51
chr2,180000001,182500000,2q,0.3653824,0.973639767910126,0
chr2,182500001,185000000,2q,0.3699668,0.961385465539236,37
chr2,185000001,187500000,2q,0.3477084,0.96644924250912,0
chr2,187500001,190000000,2q,0.3572848,0.978073341649932,0
chr2,190000001,192500000,2q,0.3845804,0.977357766927986,450
chr2,192500001,195000000,2q,0.350178,0.964235782390641,124
chr2,195000001,197500000,2q,0.3660664,0.962156603553795,0
chr2,197500001,200000000,2q,0.3812188,0.965653016873193,0
chr2,200000001,202500000,2q,0.4007344,0.969961694962279,115
chr2,202500001,205000000,2q,0.409962,0.980373833191497,3847
chr2,205000001,207500000,2q,0.3978936,0.978263680753955,0
chr2,207500001,210000000,2q,0.3972708,0.959730608703996,99
chr2,210000001,212500000,2q,0.3647904,0.96992596273776,220
chr2,212500001,215000000,2q,0.3557216,0.975183790644295,0
chr2,215000001,217500000,2q,0.3962724,0.974180214191205,0
chr2,217500001,220000000,2q,0.4564568,0.985443892195666,0
chr2,220000001,222500000,2q,0.4212716,0.985995827427261,0
chr2,222500001,225000000,2q,0.4013872,0.978154071302786,151
chr2,225000001,227500000,2q,0.383422,0.979969022514524,83
chr2,227500001,230000000,2q,0.3933904,0.967397645349911,0
chr2,230000001,232500000,2q,0.429752,0.980425561875842,435
chr2,232500001,235000000,2q,0.4468096,0.965203262513907,0
chr2,235000001,237500000,2q,0.4539552,0.980498209548486,0
chr2,237500001,240000000,2q,0.4627892,0.985506761728266,571
chr2,240000001,242500000,2q,0.504576,0.978089716199816,181
chr3,2500001,5000000,3p,0.3976624,0.967759651314658,24
chr3,5000001,7500000,3p,0.3867456,0.966028610775003,34
chr3,7500001,10000000,3p,0.4296828,0.974754019266128,105
chr3,10000001,12500000,3p,0.4514836,0.976418291805494,0
chr3,12500001,15000000,3p,0.4875828,0.981813766921651,0
chr3,15000001,17500000,3p,0.4102796,0.967651904798547,66
chr3,17500001,20000000,3p,0.3753904,0.955904558273265,187
chr3,20000001,22500000,3p,0.3697088,0.966622175600188,0
chr3,22500001,25000000,3p,0.3887472,0.965921079748526,245
chr3,25000001,27500000,3p,0.3834884,0.962235022330105,0
chr3,27500001,30000000,3p,0.3766336,0.974457205812614,146
chr3,30000001,32500000,3p,0.3994344,0.980407548609814,0
chr3,32500001,35000000,3p,0.4006068,0.968597558844716,0
chr3,35000001,37500000,3p,0.3832176,0.968176035417206,0
chr3,37500001,40000000,3p,0.4332376,0.964871704643434,0
chr3,40000001,42500000,3p,0.4143632,0.956161510168475,32
chr3,42500001,45000000,3p,0.4306708,0.972260395379379,0
chr3,45000001,47500000,3p,0.4505464,0.97926653983367,85
chr3,47500001,50000000,3p,0.4794788,0.975761373589461,750
chr3,50000001,52500000,3p,0.4775244,0.966691177592612,0
chr3,52500001,55000000,3p,0.4424124,0.974925248788467,0
chr3,55000001,57500000,3p,0.4114308,0.971553423923632,0
chr3,57500001,60000000,3p,0.4190276,0.96602778948766,60
chr3,60000001,62500000,3p,0.395674,0.979420607195828,0
chr3,62500001,65000000,3p,0.3996296,0.973467769256167,0
chr3,65000001,67500000,3p,0.3870664,0.97302559833843,0
chr3,67500001,70000000,3p,0.3922136,0.978525060238222,131
chr3,70000001,72500000,3p,0.4063788,0.980863281298004,0
chr3,72500001,75000000,3p,0.3990252,0.975194723393904,0
chr3,75000001,77500000,3p,0.3785448,0.928482048343127,3007
chr3,77500001,80000000,3p,0.3568272,0.974803705435211,40
chr3,80000001,82500000,3p,0.3544464,0.968765394196472,20969
chr3,82500001,85000000,3p,0.3446308,0.978362943855497,104
chr3,85000001,87500000,3p,0.3493724,0.975393871687408,0
chr3,87500001,90000000,3p,0.3570552,0.959952519227304,0
chr3,95000001,97500000,3q,0.3507068,0.967607786456563,2219
chr3,97500001,100000000,3q,0.3793572,0.962379059251391,326
chr3,100000001,102500000,3q,0.3836116,0.963073069684144,0
chr3,102500001,105000000,3q,0.3498484,0.977239142092525,0
chr3,105000001,107500000,3q,0.3688944,0.971805323403758,0
chr3,107500001,110000000,3q,0.3816368,0.963066815374856,275
chr3,110000001,112500000,3q,0.3788048,0.963284961961591,0
chr3,112500001,115000000,3q,0.385836,0.977095691890292,0
chr3,115000001,117500000,3q,0.374358,0.973112364252281,0
chr3,117500001,120000000,3q,0.389418,0.972457637800717,167
chr3,120000001,122500000,3q,0.3931272,0.94630481790606,0
chr3,122500001,125000000,3q,0.4402756,0.983227139282947,128
chr3,125000001,127500000,3q,0.4671212,0.944486350802426,14329
chr3,127500001,130000000,3q,0.4678648,0.947577656054225,0
chr3,130000001,132500000,3q,0.386996,0.958352503412874,155
chr3,132500001,135000000,3q,0.4294168,0.963678608288866,0
chr3,135000001,137500000,3q,0.4026464,0.945447736628477,26
chr3,137500001,140000000,3q,0.4228844,0.96862128205125,157
chr3,140000001,142500000,3q,0.4092276,0.971290394550329,640
chr3,142500001,145000000,3q,0.3760976,0.978746958305774,0
chr3,145000001,147500000,3q,0.3582456,0.969577614128971,0
chr3,147500001,150000000,3q,0.3796576,0.97638897030507,120
chr3,150000001,152500000,3q,0.3812208,0.97780033805429,0
chr3,152500001,155000000,3q,0.3766072,0.959627971550031,0
chr3,155000001,157500000,3q,0.3947044,0.970152740495183,0
chr3,157500001,160000000,3q,0.3896292,0.953253674535667,47
chr3,160000001,162500000,3q,0.3698444,0.972710843064791,103
chr3,162500001,165000000,3q,0.3450036,0.968543111980638,30
chr3,165000001,167500000,3q,0.3536768,0.964230630914493,0
chr3,167500001,170000000,3q,0.3760756,0.97744394613153,0
chr3,170000001,172500000,3q,0.401428,0.970235534716662,0
chr3,172500001,175000000,3q,0.3583224,0.980798315926475,251
chr3,175000001,177500000,3q,0.376598,0.96605215482558,0
chr3,177500001,180000000,3q,0.3836616,0.973593208504299,332
chr3,180000001,182500000,3q,0.3811532,0.974676741016352,0
chr3,182500001,185000000,3q,0.4401504,0.980528541302408,0
chr3,185000001,187500000,3q,0.4265536,0.973228694572139,349
chr3,187500001,190000000,3q,0.3907604,0.976219660468111,0
chr3,190000001,192500000,3q,0.3703464,0.976506838390297,0
chr3,192500001,195000000,3q,0.4371656,0.97965602367454,0
chr3,195000001,197500000,3q,0.451868,0.925723731908563,199
chr4,2500001,5000000,4p,0.4863564,0.935617244750663,0
chr4,5000001,7500000,4p,0.484214,0.971470803085361,0
chr4,7500001,10000000,4p,0.48147,0.861558063325962,984
chr4,10000001,12500000,4p,0.4003136,0.959987856279914,16084
chr4,12500001,15000000,4p,0.3903852,0.965947303124203,342
chr4,15000001,17500000,4p,0.4051168,0.973194107065382,355
chr4,17500001,20000000,4p,0.3776444,0.970007519619647,0
chr4,20000001,22500000,4p,0.3754016,0.970261263662488,184
chr4,22500001,25000000,4p,0.3938332,0.978933539967874,0
chr4,25000001,27500000,4p,0.4130832,0.97500299527924,0
chr4,27500001,30000000,4p,0.3503104,0.986489887283891,152
chr4,30000001,32500000,4p,0.3496532,0.989003763820222,0
chr4,32500001,35000000,4p,0.3445372,0.98713428352639,0
chr4,35000001,37500000,4p,0.3623288,0.978745084989746,0
chr4,37500001,40000000,4p,0.4159516,0.976929257267996,0
chr4,40000001,42500000,4p,0.4168792,0.98097219606344,22
chr4,42500001,45000000,4p,0.3631268,0.968527954372816,93
chr4,45000001,47500000,4p,0.3577284,0.970515759716108,0
chr4,55000001,57500000,4q,0.4025184,0.967382432729456,0
chr4,57500001,60000000,4q,0.373168,0.956641575861622,226
chr4,60000001,62500000,4q,0.3500104,0.965011486275321,0
chr4,62500001,65000000,4q,0.3493072,0.959741626978258,13298
chr4,65000001,67500000,4q,0.3463344,0.960807811906423,0
chr4,67500001,70000000,4q,0.3670496,0.956048372635094,2588
chr4,70000001,72500000,4q,0.3701396,0.940947481076524,242
chr4,72500001,75000000,4q,0.372216,0.961434797910138,0
chr4,75000001,77500000,4q,0.3872544,0.94800416868015,677
chr4,77500001,80000000,4q,0.3992312,0.963454002598115,779
chr4,80000001,82500000,4q,0.367232,0.963909161648941,80
chr4,82500001,85000000,4q,0.4016388,0.969017262224359,0
chr4,85000001,87500000,4q,0.3751588,0.961934447286058,155
chr4,87500001,90000000,4q,0.3940596,0.965554830502163,0
chr4,90000001,92500000,4q,0.3596952,0.962724360558638,0
chr4,92500001,95000000,4q,0.3528524,0.959601034214822,703
chr4,95000001,97500000,4q,0.3680816,0.963201474506984,0
chr4,97500001,100000000,4q,0.3700464,0.958517905800596,0
chr4,100000001,102500000,4q,0.3742996,0.967242525605799,0
chr4,102500001,105000000,4q,0.3706936,0.945986849741099,314
chr4,105000001,107500000,4q,0.3645376,0.956217212877405,0
chr4,107500001,110000000,4q,0.3820956,0.970962681355838,522
chr4,110000001,112500000,4q,0.3809592,0.95446675459201,206
chr4,112500001,115000000,4q,0.3758308,0.96948075853414,0
chr4,115000001,117500000,4q,0.3488512,0.977838702651469,89
chr4,117500001,120000000,4q,0.3633552,0.918078198919361,0
chr4,120000001,122500000,4q,0.3728428,0.942894299413771,166
chr4,122500001,125000000,4q,0.3794804,0.967428904748541,29
chr4,125000001,127500000,4q,0.3543012,0.972827956521794,0
chr4,127500001,130000000,4q,0.3825804,0.954930349689975,0
chr4,130000001,132500000,4q,0.3528748,0.969323137555578,0
chr4,132500001,135000000,4q,0.3505324,0.914792264076397,566
chr4,135000001,137500000,4q,0.342876,0.97143776005019,92
chr4,137500001,140000000,4q,0.3691868,0.978272303947436,0
chr4,140000001,142500000,4q,0.4006704,0.967207068322311,137
chr4,142500001,145000000,4q,0.3736508,0.932667088068251,0
chr4,145000001,147500000,4q,0.3848788,0.952569704866639,0
chr4,147500001,150000000,4q,0.3852108,0.96986409317213,0
chr4,150000001,152500000,4q,0.3769348,0.967038474493208,400
chr4,152500001,155000000,4q,0.4117772,0.98390610770112,165
chr4,155000001,157500000,4q,0.3719288,0.976942100322107,13552
chr4,157500001,160000000,4q,0.3698368,0.965090209590277,0
chr4,160000001,162500000,4q,0.3610576,0.965318077568103,82
chr4,162500001,165000000,4q,0.356568,0.974286327992246,175
chr4,165000001,167500000,4q,0.3746172,0.946908441721535,939
chr4,167500001,170000000,4q,0.3680096,0.96614828624886,0
chr4,170000001,172500000,4q,0.3736756,0.963521299142291,0
chr4,172500001,175000000,4q,0.3732356,0.979226531095803,0
chr4,175000001,177500000,4q,0.3630312,0.978090951205088,0
chr4,177500001,180000000,4q,0.3616068,0.976812077114622,0
chr4,180000001,182500000,4q,0.3636216,0.978663474507577,0
chr4,182500001,185000000,4q,0.4097956,0.976248468038426,0
chr4,185000001,187500000,4q,0.4237704,0.975131850427518,27
chr4,187500001,190000000,4q,0.3978212,0.966930372799968,0
chr5,2500001,5000000,5p,0.4251244,0.982355333147267,2295
chr5,5000001,7500000,5p,0.424718,0.973486369569233,0
chr5,7500001,10000000,5p,0.3975204,0.97431961931306,0
chr5,10000001,12500000,5p,0.4043156,0.983899266907353,1885
chr5,12500001,15000000,5p,0.3958708,0.984801287725285,0
chr5,15000001,17500000,5p,0.4097468,0.971138291782475,0
chr5,17500001,20000000,5p,0.35248,0.961599248435346,0
chr5,20000001,22500000,5p,0.354362,0.870300190264919,0
chr5,22500001,25000000,5p,0.352616,0.984632174490215,18708
chr5,25000001,27500000,5p,0.348268,0.974292045716378,0
chr5,27500001,30000000,5p,0.34724,0.967798076361774,0
chr5,30000001,32500000,5p,0.395834,0.977426774048112,0
chr5,32500001,35000000,5p,0.4002472,0.907574157190633,341
chr5,35000001,37500000,5p,0.3923068,0.96313049023113,0
chr5,37500001,40000000,5p,0.393562,0.972663778303989,0
chr5,40000001,42500000,5p,0.3786656,0.959302426233908,89
chr5,42500001,45000000,5p,0.3851236,0.948423305640346,0
chr5,50000001,52500000,5q,0.3612204,0.962115639335035,79
chr5,52500001,55000000,5q,0.3958412,0.966633306686125,56
chr5,55000001,57500000,5q,0.4022812,0.970977275974034,0
chr5,57500001,60000000,5q,0.3782828,0.961515994780073,27
chr5,60000001,62500000,5q,0.3949224,0.959681410473113,0
chr5,62500001,65000000,5q,0.3694996,0.958188868111195,291
chr5,65000001,67500000,5q,0.392168,0.958500148418446,346
chr5,67500001,70000000,5q,0.3983152,0.624952265523647,0
chr5,70000001,72500000,5q,0.3991528,0.778570796526292,331
chr5,72500001,75000000,5q,0.4030852,0.972776466118348,0
chr5,75000001,77500000,5q,0.4044604,0.962245823564559,0
chr5,77500001,80000000,5q,0.4084404,0.960713224984785,2347
chr5,80000001,82500000,5q,0.3872128,0.962086646488957,0
chr5,82500001,85000000,5q,0.3532196,0.970747291259791,0
chr5,85000001,87500000,5q,0.359226,0.963376046300231,0
chr5,87500001,90000000,5q,0.3654664,0.967898882061644,0
chr5,90000001,92500000,5q,0.3548552,0.971613661332604,0
chr5,92500001,95000000,5q,0.3726428,0.97176410666232,3463
chr5,95000001,97500000,5q,0.3822276,0.961164163900929,194
chr5,97500001,100000000,5q,0.3639828,0.916163407548629,9108
chr5,100000001,102500000,5q,0.357172,0.95281464894957,0
chr5,102500001,105000000,5q,0.3527032,0.972081069576423,143
chr5,105000001,107500000,5q,0.3594108,0.979140565611407,160
chr5,107500001,110000000,5q,0.3745068,0.967347938518948,0
chr5,110000001,112500000,5q,0.3880468,0.961495790841438,0
chr5,112500001,115000000,5q,0.386482,0.96656855133455,0
chr5,115000001,117500000,5q,0.3746704,0.971767614368292,0
chr5,117500001,120000000,5q,0.373302,0.961778924540337,0
chr5,120000001,122500000,5q,0.3703952,0.959696427214979,0
chr5,122500001,125000000,5q,0.3810364,0.973867793885258,1907
chr5,125000001,127500000,5q,0.3907828,0.962907669982355,0
chr5,127500001,130000000,5q,0.365482,0.967049749569923,0
chr5,130000001,132500000,5q,0.4145144,0.956056804369832,0
chr5,132500001,135000000,5q,0.45899,0.981833656273444,5219
chr5,135000001,137500000,5q,0.4169968,0.968223504933556,0
chr5,137500001,140000000,5q,0.445634,0.975717205104886,0
chr5,140000001,142500000,5q,0.4375004,0.977611060825186,0
chr5,142500001,145000000,5q,0.3809488,0.965614157242067,186
chr5,145000001,147500000,5q,0.3943716,0.971588540668747,122
chr5,147500001,150000000,5q,0.441492,0.976157908255682,0
chr5,150000001,152500000,5q,0.4133196,0.957524064731383,65
chr5,152500001,155000000,5q,0.4175028,0.970679898757472,238
chr5,155000001,157500000,5q,0.3980116,0.969984486731404,215
chr5,157500001,160000000,5q,0.4159428,0.983496778163635,0
chr5,160000001,162500000,5q,0.3695588,0.959403306850466,683
chr5,162500001,165000000,5q,0.3658044,0.977813623722126,0
chr5,165000001,167500000,5q,0.3806448,0.982790077191708,52
chr5,167500001,170000000,5q,0.4398732,0.981225039132505,0
chr5,170000001,172500000,5q,0.4488284,0.979170488105562,0
chr5,172500001,175000000,5q,0.4389716,0.98085408085641,435
chr5,175000001,177500000,5q,0.477594,0.851715308695951,0
chr5,177500001,180000000,5q,0.4851092,0.968341433438393,29
chr6,2500001,5000000,6p,0.4394252,0.977910285913197,120
chr6,5000001,7500000,6p,0.431366,0.971550683945149,26
chr6,7500001,10000000,6p,0.3893292,0.973222897512027,0
chr6,10000001,12500000,6p,0.412722,0.98431735300655,0
chr6,12500001,15000000,6p,0.4221488,0.983983406779964,0
chr6,15000001,17500000,6p,0.4239316,0.980737701095374,136
chr6,17500001,20000000,6p,0.39625,0.970374021777109,0
chr6,20000001,22500000,6p,0.4035584,0.979403912105728,0
chr6,22500001,25000000,6p,0.38527,0.97114857459584,464
chr6,25000001,27500000,6p,0.4050048,0.9187974006121,214
chr6,27500001,30000000,6p,0.4143576,0.969589900200064,609
chr6,30000001,32500000,6p,0.4683964,0.9552677195919,222
chr6,32500001,35000000,6p,0.4697468,0.980908924486025,132
chr6,35000001,37500000,6p,0.4606828,0.984077301986301,281
chr6,37500001,40000000,6p,0.4280008,0.983595558144953,29
chr6,40000001,42500000,6p,0.4626664,0.986169700342118,73
chr6,42500001,45000000,6p,0.4652004,0.973433304882355,0
chr6,45000001,47500000,6p,0.3963304,0.971906692003596,96
chr6,47500001,50000000,6p,0.3623244,0.969628819125336,0
chr6,50000001,52500000,6p,0.3834888,0.966286035863459,151
chr6,52500001,55000000,6p,0.3878596,0.967735594797348,127
chr6,55000001,57500000,6p,0.3692868,0.964255427059929,299
chr6,62500001,65000000,6q,0.3643648,0.961819144464995,0
chr6,65000001,67500000,6q,0.346172,0.962424669483992,0
chr6,67500001,70000000,6q,0.3472208,0.972182758044006,86
chr6,70000001,72500000,6q,0.3748764,0.959283017192589,90
chr6,72500001,75000000,6q,0.3841228,0.952307855833026,265
chr6,75000001,77500000,6q,0.3717744,0.955629286056623,0
chr6,77500001,80000000,6q,0.3643292,0.945493463745803,0
chr6,80000001,82500000,6q,0.3676172,0.948891702466493,62
chr6,82500001,85000000,6q,0.3792792,0.955267976359948,72
chr6,85000001,87500000,6q,0.3870968,0.936677905947913,0
chr6,87500001,90000000,6q,0.3948756,0.957783176528478,0
chr6,90000001,92500000,6q,0.3926248,0.981384329901078,0
chr6,92500001,95000000,6q,0.3485752,0.973863914327754,0
chr6,95000001,97500000,6q,0.3370124,0.964321575466516,0
chr6,97500001,100000000,6q,0.3710376,0.970121681029593,27
chr6,100000001,102500000,6q,0.3623872,0.963741372423557,70
chr6,102500001,105000000,6q,0.350814,0.959439050926127,26
chr6,105000001,107500000,6q,0.4030532,0.97339874543409,122
chr6,107500001,110000000,6q,0.4129084,0.967636826588386,0
chr6,110000001,112500000,6q,0.4090268,0.97393533012614,0
chr6,112500001,115000000,6q,0.3746552,0.971419699952718,325
chr6,115000001,117500000,6q,0.3667992,0.951685477627299,0
chr6,117500001,120000000,6q,0.3860832,0.971578481893946,357
chr6,120000001,122500000,6q,0.360464,0.961826503950766,447
chr6,122500001,125000000,6q,0.3624552,0.972555457209938,59
chr6,125000001,127500000,6q,0.3763768,0.962680257423818,0
chr6,127500001,130000000,6q,0.3629108,0.971859067167834,0
chr6,130000001,132500000,6q,0.38562,0.969159196456225,0
chr6,132500001,135000000,6q,0.386566,0.978849390494562,489
chr6,135000001,137500000,6q,0.3916116,0.978572881566074,238
chr6,137500001,140000000,6q,0.4054404,0.981730320599288,0
chr6,140000001,142500000,6q,0.3571344,0.969229957096926,70
chr6,142500001,145000000,6q,0.3911276,0.983389943476297,257
chr6,145000001,147500000,6q,0.3739988,0.974705124299067,0
chr6,147500001,150000000,6q,0.4033828,0.98173902948601,0
chr6,150000001,152500000,6q,0.4270288,0.976117842253514,404
chr6,152500001,155000000,6q,0.381468,0.982060097547073,0
chr6,155000001,157500000,6q,0.402292,0.979875834929909,0
chr6,157500001,160000000,6q,0.425776,0.979918780683758,27
chr6,160000001,162500000,6q,0.4211416,0.961358949560636,0
chr6,162500001,165000000,6q,0.4007264,0.984317947941224,0
chr6,165000001,167500000,6q,0.4179692,0.9705873483096,0
chr6,167500001,170000000,6q,0.4408932,0.962731006214369,2176
chr7,2500001,5000000,7p,0.4689184,0.973753594901767,90
chr7,5000001,7500000,7p,0.4704332,0.913401477565723,0
chr7,7500001,10000000,7p,0.3653516,0.969177429441597,0
chr7,10000001,12500000,7p,0.3601792,0.97662653480377,0
chr7,12500001,15000000,7p,0.3595992,0.968739473917582,0
chr7,15000001,17500000,7p,0.3660072,0.977575912170065,0
chr7,17500001,20000000,7p,0.365132,0.970660805418081,0
chr7,20000001,22500000,7p,0.387644,0.981270704773927,0
chr7,22500001,25000000,7p,0.4048696,0.958647025471354,0
chr7,25000001,27500000,7p,0.4174136,0.970986333461707,0
chr7,27500001,30000000,7p,0.4077512,0.973859929009854,124
chr7,30000001,32500000,7p,0.4218584,0.966623953430591,0
chr7,32500001,35000000,7p,0.3980592,0.931731961951956,104
chr7,35000001,37500000,7p,0.411916,0.940407937084201,97
chr7,37500001,40000000,7p,0.395322,0.967138776227139,28
chr7,40000001,42500000,7p,0.395782,0.984991242538239,0
chr7,42500001,45000000,7p,0.4418092,0.959678940268485,175
chr7,45000001,47500000,7p,0.4239244,0.95653219948232,177
chr7,47500001,50000000,7p,0.3989912,0.970630959717688,102
chr7,50000001,52500000,7p,0.4056156,0.966536772035727,0
chr7,52500001,55000000,7p,0.3700628,0.970275445024204,0
chr7,55000001,57500000,7p,0.4454016,0.862903244974591,22065
chr7,62500001,65000000,7q,0.4203704,0.807009725020944,115098
chr7,65000001,67500000,7q,0.442516,0.887327931330724,0
chr7,67500001,70000000,7q,0.4218728,0.987926435044835,467
chr7,70000001,72500000,7q,0.4404428,0.924449895116483,0
chr7,72500001,75000000,7q,0.4855696,0.717419220531023,53
chr7,75000001,77500000,7q,0.4440704,0.824419637084318,0
chr7,77500001,80000000,7q,0.366204,0.978193610539029,107
chr7,80000001,82500000,7q,0.3592548,0.980580095933518,310
chr7,82500001,85000000,7q,0.346368,0.964532260782999,0
chr7,85000001,87500000,7q,0.361016,0.965339164239506,0
chr7,87500001,90000000,7q,0.3636608,0.955021581439209,0
chr7,90000001,92500000,7q,0.3846248,0.958016886679249,36
chr7,92500001,95000000,7q,0.3693204,0.969187863142943,84
chr7,95000001,97500000,7q,0.3881176,0.960184567198145,0
chr7,97500001,100000000,7q,0.4689188,0.9425228880367,348
chr7,100000001,102500000,7q,0.4911752,0.88754440981224,112
chr7,102500001,105000000,7q,0.3925944,0.940177171065784,535
chr7,105000001,107500000,7q,0.409268,0.971127797488562,0
chr7,107500001,110000000,7q,0.3708564,0.966130926271901,0
chr7,110000001,112500000,7q,0.376826,0.967422393988456,40
chr7,112500001,115000000,7q,0.3600904,0.960984430476113,0
chr7,115000001,117500000,7q,0.3734364,0.979200988407637,0
chr7,117500001,120000000,7q,0.351998,0.972944025174427,0
chr7,120000001,122500000,7q,0.366998,0.9735543091235,0
chr7,122500001,125000000,7q,0.3660256,0.968578379533114,0
chr7,125000001,127500000,7q,0.3705388,0.972527135580146,0
chr7,127500001,130000000,7q,0.4501928,0.958973943930242,92
chr7,130000001,132500000,7q,0.418008,0.982634900025498,37
chr7,132500001,135000000,7q,0.4004476,0.982274693884102,125
chr7,135000001,137500000,7q,0.385978,0.97112990598285,107
chr7,137500001,140000000,7q,0.4270732,0.979413025028473,43
chr7,140000001,142500000,7q,0.4045568,0.965679807811784,6561
chr7,142500001,145000000,7q,0.391972,0.874099719900095,113
chr7,145000001,147500000,7q,0.3618972,0.964658253021192,0
chr7,147500001,150000000,7q,0.4396384,0.91787486357216,0
chr7,150000001,152500000,7q,0.4610588,0.95861015517579,0
chr7,152500001,155000000,7q,0.4141228,0.925727496224394,0
chr7,155000001,157500000,7q,0.4688068,0.977477593197004,0
chr8,2500001,5000000,8p,0.3852992,0.982714492082546,0
chr8,5000001,7500000,8p,0.4134532,0.839147555512531,31
chr8,7500001,10000000,8p,0.4259144,0.835693792450517,0
chr8,10000001,12500000,8p,0.4440584,0.851923985572949,0
chr8,12500001,15000000,8p,0.3733416,0.972653077501965,0
chr8,15000001,17500000,8p,0.374322,0.97657190841267,50
chr8,17500001,20000000,8p,0.403364,0.985975675644459,756
chr8,20000001,22500000,8p,0.4575084,0.987794369909102,335
chr8,22500001,25000000,8p,0.4217252,0.97810227076923,0
chr8,25000001,27500000,8p,0.4241532,0.977000364129281,0
chr8,27500001,30000000,8p,0.42668,0.984563767246427,37
chr8,30000001,32500000,8p,0.3938764,0.976826673778447,0
chr8,32500001,35000000,8p,0.3892728,0.975034141814751,174
chr8,35000001,37500000,8p,0.3969956,0.973892352411977,0
chr8,37500001,40000000,8p,0.4165004,0.980050068154826,0
chr8,40000001,42500000,8p,0.4346668,0.978883338698219,0
chr8,47500001,50000000,8q,0.4177848,0.943224779491565,78476
chr8,50000001,52500000,8q,0.3649788,0.969380627364129,83
chr8,52500001,55000000,8q,0.3984392,0.969303865731187,0
chr8,55000001,57500000,8q,0.4052864,0.965940572531724,734
chr8,57500001,60000000,8q,0.3887692,0.971723281704517,0
chr8,60000001,62500000,8q,0.388758,0.965312227792739,0
chr8,62500001,65000000,8q,0.3756668,0.970124141241113,216
chr8,65000001,67500000,8q,0.3909452,0.9690842613955,0
chr8,67500001,70000000,8q,0.3845712,0.965929857282726,482
chr8,70000001,72500000,8q,0.392224,0.963254670103637,372
chr8,72500001,75000000,8q,0.3941596,0.967330961980181,0
chr8,75000001,77500000,8q,0.363474,0.961909354802153,147
chr8,77500001,80000000,8q,0.352488,0.974663714555604,0
chr8,80000001,82500000,8q,0.395404,0.969174289707776,71
chr8,82500001,85000000,8q,0.35387,0.969899860295047,0
chr8,85000001,87500000,8q,0.3540328,0.920049085756174,0
chr8,87500001,90000000,8q,0.3598224,0.955672384691496,0
chr8,90000001,92500000,8q,0.3704512,0.960076789077208,0
chr8,92500001,95000000,8q,0.3814296,0.962492146959804,0
chr8,95000001,97500000,8q,0.4081284,0.970650636259254,86
chr8,97500001,100000000,8q,0.408738,0.960031314529113,205
chr8,100000001,102500000,8q,0.401764,0.965919347443907,0
chr8,102500001,105000000,8q,0.405012,0.970806435643486,190
chr8,105000001,107500000,8q,0.3708928,0.976279207100186,41
chr8,107500001,110000000,8q,0.3730728,0.969948863635701,71
chr8,110000001,112500000,8q,0.354324,0.976650670859189,0
chr8,112500001,115000000,8q,0.344064,0.975228592454723,0
chr8,115000001,117500000,8q,0.3586944,0.965362085167768,0
chr8,117500001,120000000,8q,0.3925948,0.978317105153599,44
chr8,120000001,122500000,8q,0.387928,0.96025589391366,0
chr8,122500001,125000000,8q,0.4087768,0.981031064093917,0
chr8,125000001,127500000,8q,0.4154188,0.978044166062691,0
chr8,127500001,130000000,8q,0.4092104,0.96192665210638,90
chr8,130000001,132500000,8q,0.403074,0.976602780919704,0
chr8,132500001,135000000,8q,0.42703,0.977929063640095,100
chr8,135000001,137500000,8q,0.41249,0.970903730455193,719
chr8,137500001,140000000,8q,0.3992168,0.970678423367973,0
chr8,140000001,142500000,8q,0.4690516,0.984516046249419,112
chr8,142500001,145000000,8q,0.5388,0.972463218568511,0
chr9,2500001,5000000,9p,0.3945908,0.972346885296278,360
chr9,5000001,7500000,9p,0.399924,0.961198467078943,0
chr9,7500001,10000000,9p,0.3674664,0.977128003986925,67
chr9,10000001,12500000,9p,0.350258,0.9676716832478,0
chr9,12500001,15000000,9p,0.3774788,0.9759949555727,0
chr9,15000001,17500000,9p,0.3940368,0.963500375936455,124
chr9,17500001,20000000,9p,0.3969916,0.961569309220127,204
chr9,20000001,22500000,9p,0.3798648,0.95908086442197,176
chr9,22500001,25000000,9p,0.363318,0.962937272053856,0
chr9,25000001,27500000,9p,0.3728844,0.971514883222856,113
chr9,27500001,30000000,9p,0.3616584,0.968822873517981,64
chr9,30000001,32500000,9p,0.358414,0.955685771402882,0
chr9,32500001,35000000,9p,0.4414252,0.94809186129178,2823
chr9,35000001,37500000,9p,0.4413408,0.981306045093189,0
chr9,37500001,40000000,9p,0.411156,0.647122708753672,0
chr9,40000001,42500000,9p,0.3515624,0.260748241483386,492
chr9,42500001,45000000,9p,0.3518496,0.31286324855309,26536
chr9,52500001,55000000,9q,0,0,0
chr9,55000001,57500000,9q,0,0,0
chr9,57500001,60000000,9q,0,0,0
chr9,60000001,62500000,9q,0,0,0
chr9,62500001,65000000,9q,0,0,0
chr9,65000001,67500000,9q,0.2458876,0.307989750979739,120543
chr9,67500001,70000000,9q,0.3112636,0.327155362385839,85873
chr9,70000001,72500000,9q,0.3558896,0.728315574855134,29539
chr9,72500001,75000000,9q,0.3939852,0.972950247882764,473
chr9,75000001,77500000,9q,0.3687136,0.980553781964909,0
chr9,77500001,80000000,9q,0.3992452,0.97371194795419,507
chr9,80000001,82500000,9q,0.39586,0.964220037516425,0
chr9,82500001,85000000,9q,0.3851912,0.961447158742209,86
chr9,85000001,87500000,9q,0.4018108,0.961345538074896,0
chr9,87500001,90000000,9q,0.407104,0.959821014568076,0
chr9,90000001,92500000,9q,0.4275512,0.964284588986817,367
chr9,92500001,95000000,9q,0.4005724,0.964813472513642,0
chr9,95000001,97500000,9q,0.4486256,0.944263736020848,0
chr9,97500001,100000000,9q,0.4302684,0.949236451791716,0
chr9,100000001,102500000,9q,0.4397252,0.978568854205299,0
chr9,102500001,105000000,9q,0.3840348,0.960275883095902,0
chr9,105000001,107500000,9q,0.3567312,0.967030941735739,395
chr9,107500001,110000000,9q,0.3992856,0.966644586454975,0
chr9,110000001,112500000,9q,0.4226016,0.980500287437874,1029
chr9,112500001,115000000,9q,0.4021564,0.97169512247384,186
chr9,115000001,117500000,9q,0.4490264,0.971925824169574,0
chr9,117500001,120000000,9q,0.4035596,0.976469665254451,105
chr9,120000001,122500000,9q,0.3872576,0.980104738615977,0
chr9,122500001,125000000,9q,0.4432772,0.979155633446326,0
chr9,125000001,127500000,9q,0.4355932,0.977172636363146,76
chr9,127500001,130000000,9q,0.4523152,0.981410827463722,0
chr9,130000001,132500000,9q,0.515084,0.984322270841284,62
chr9,132500001,135000000,9q,0.461698,0.98429853497836,0
chr9,135000001,137500000,9q,0.5124616,0.979186531254795,0
chr9,137500001,140000000,9q,0.5462272,0.982074159913485,321
chr10,2500001,5000000,10p,0.4153064,0.987712247405442,0
chr10,5000001,7500000,10p,0.4333416,0.955650092275322,127
chr10,7500001,10000000,10p,0.3896588,0.985553404774489,391
chr10,10000001,12500000,10p,0.4199688,0.976740226903281,0
chr10,12500001,15000000,10p,0.4384428,0.983165308443022,0
chr10,15000001,17500000,10p,0.406764,0.976695079487951,0
chr10,17500001,20000000,10p,0.3790836,0.894432136713727,21094
chr10,20000001,22500000,10p,0.392854,0.965928630377028,0
chr10,22500001,25000000,10p,0.405346,0.970004015908619,0
chr10,25000001,27500000,10p,0.3969948,0.96979340639173,0
chr10,27500001,30000000,10p,0.4094916,0.975084050318061,0
chr10,30000001,32500000,10p,0.4182996,0.968585402501116,53
chr10,32500001,35000000,10p,0.401168,0.970901991377917,380
chr10,35000001,37500000,10p,0.4050876,0.960250371693467,152
chr10,42500001,45000000,10q,0.4308388,0.912313459959719,83390
chr10,45000001,47500000,10q,0.4001924,0.694645616705326,0
chr10,47500001,50000000,10q,0.3880076,0.662618369070161,0
chr10,50000001,52500000,10q,0.408264,0.783224740632304,383
chr10,52500001,55000000,10q,0.3682012,0.962355404012104,0
chr10,55000001,57500000,10q,0.3486824,0.966374648144691,277
chr10,57500001,60000000,10q,0.3546364,0.971886210944628,346
chr10,60000001,62500000,10q,0.3849384,0.971566737661022,293
chr10,62500001,65000000,10q,0.3900088,0.980179704216966,0
chr10,65000001,67500000,10q,0.369892,0.973715877139137,0
chr10,67500001,70000000,10q,0.3702896,0.965432699237131,286
chr10,70000001,72500000,10q,0.4601292,0.98411453355618,135
chr10,72500001,75000000,10q,0.4616524,0.98477075870554,439
chr10,75000001,77500000,10q,0.423062,0.964866613743752,66
chr10,77500001,80000000,10q,0.4289548,0.974489725844814,120
chr10,80000001,82500000,10q,0.4668664,0.913053394479564,33
chr10,82500001,85000000,10q,0.3713148,0.975206989956214,0
chr10,85000001,87500000,10q,0.3962,0.962305712122043,0
chr10,87500001,90000000,10q,0.4260968,0.889672426853333,0
chr10,90000001,92500000,10q,0.381436,0.971215142665343,29
chr10,92500001,95000000,10q,0.4055124,0.967346741970831,0
chr10,95000001,97500000,10q,0.4118472,0.960814206932961,0
chr10,97500001,100000000,10q,0.44263,0.977736366825854,0
chr10,100000001,102500000,10q,0.4250044,0.957689754757719,586
chr10,102500001,105000000,10q,0.4626912,0.984668416330447,0
chr10,105000001,107500000,10q,0.428144,0.977492674737777,85
chr10,107500001,110000000,10q,0.3787108,0.978973138767529,63
chr10,110000001,112500000,10q,0.3987612,0.962911967361479,0
chr10,112500001,115000000,10q,0.4124032,0.973587553402416,0
chr10,115000001,117500000,10q,0.4045268,0.97910153414839,0
chr10,117500001,120000000,10q,0.4202976,0.984675056361326,89
chr10,120000001,122500000,10q,0.4362784,0.980319048031195,65
chr10,122500001,125000000,10q,0.4379316,0.972099647064242,0
chr10,125000001,127500000,10q,0.4550496,0.98719390825648,0
chr10,127500001,130000000,10q,0.4099772,0.978991805122604,154
chr10,130000001,132500000,10q,0.4518552,0.985356374999848,0
chr10,132500001,135000000,10q,0.497256,0.978331643796697,720
chr11,2500001,5000000,11p,0.4542672,0.89056529801016,0
chr11,5000001,7500000,11p,0.3988572,0.954299983540711,169
chr11,7500001,10000000,11p,0.4309632,0.962523314887045,0
chr11,10000001,12500000,11p,0.4282988,0.978652527326408,848
chr11,12500001,15000000,11p,0.4076164,0.956541339759211,172
chr11,15000001,17500000,11p,0.4070548,0.976917573749819,0
chr11,17500001,20000000,11p,0.436392,0.974926264699487,119
chr11,20000001,22500000,11p,0.3855136,0.972750580375646,0
chr11,22500001,25000000,11p,0.35756,0.959731850144765,253
chr11,25000001,27500000,11p,0.3648668,0.959110025560088,0
chr11,27500001,30000000,11p,0.3730072,0.962685134520165,0
chr11,30000001,32500000,11p,0.39018,0.973940730673028,0
chr11,32500001,35000000,11p,0.4163052,0.972646042369133,0
chr11,35000001,37500000,11p,0.4055784,0.971693310598759,0
chr11,37500001,40000000,11p,0.3557964,0.967355307663864,135
chr11,40000001,42500000,11p,0.3680672,0.973136871822372,301
chr11,42500001,45000000,11p,0.429208,0.97027146099264,0
chr11,45000001,47500000,11p,0.464664,0.980743542639805,0
chr11,47500001,50000000,11p,0.3943464,0.856408927118802,204532
chr11,55000001,57500000,11q,0.392862,0.944398081313562,22963
chr11,57500001,60000000,11q,0.3985832,0.957035972231361,0
chr11,60000001,62500000,11q,0.4764496,0.959033798972248,0
chr11,62500001,65000000,11q,0.492968,0.960050275449084,0
chr11,65000001,67500000,11q,0.5075252,0.974149661126805,0
chr11,67500001,70000000,11q,0.4792564,0.944449454894327,395
chr11,70000001,72500000,11q,0.4875284,0.932945363967269,31
chr11,72500001,75000000,11q,0.4365884,0.969404966694736,979
chr11,75000001,77500000,11q,0.4491136,0.975456712980462,175
chr11,77500001,80000000,11q,0.4203432,0.973000444178065,358
chr11,80000001,82500000,11q,0.3660416,0.977307021384779,0
chr11,82500001,85000000,11q,0.377962,0.974319801019622,324
chr11,85000001,87500000,11q,0.3952624,0.952632611107135,974
chr11,87500001,90000000,11q,0.3593576,0.840165051593623,0
chr11,90000001,92500000,11q,0.3677468,0.964273405809332,0
chr11,92500001,95000000,11q,0.405184,0.959645322229859,133
chr11,95000001,97500000,11q,0.3543084,0.965019832994478,0
chr11,97500001,100000000,11q,0.351876,0.970475287678401,0
chr11,100000001,102500000,11q,0.3833988,0.960731707963969,0
chr11,102500001,105000000,11q,0.3696732,0.972309219187433,306
chr11,105000001,107500000,11q,0.36584,0.977747240687717,0
chr11,107500001,110000000,11q,0.3933468,0.966261885090235,0
chr11,110000001,112500000,11q,0.4099472,0.978336050989971,841
chr11,112500001,115000000,11q,0.4282504,0.976474435056826,0
chr11,115000001,117500000,11q,0.44641,0.981472748612151,0
chr11,117500001,120000000,11q,0.4800668,0.984215488377807,0
chr11,120000001,122500000,11q,0.4250456,0.980194456471332,0
chr11,122500001,125000000,11q,0.4185976,0.978160149686047,0
chr11,125000001,127500000,11q,0.4416548,0.980779718764149,0
chr11,127500001,130000000,11q,0.411192,0.97158190709129,221
chr11,130000001,132500000,11q,0.4312216,0.976397763175444,0
chr12,2500001,5000000,12p,0.4573656,0.975720578837064,0
chr12,5000001,7500000,12p,0.4540924,0.972145600582921,0
chr12,7500001,10000000,12p,0.4174664,0.883604536448132,0
chr12,10000001,12500000,12p,0.3933188,0.954231742400037,0
chr12,12500001,15000000,12p,0.412596,0.978140190962618,389
chr12,15000001,17500000,12p,0.370048,0.979918638857966,0
chr12,17500001,20000000,12p,0.3716768,0.96709299773655,372
chr12,20000001,22500000,12p,0.3691952,0.962847861752234,165
chr12,22500001,25000000,12p,0.3681084,0.976549746870999,0
chr12,25000001,27500000,12p,0.3918892,0.971357184310665,0
chr12,27500001,30000000,12p,0.3819732,0.96816183693161,139
chr12,30000001,32500000,12p,0.4153228,0.947145620871907,60
chr12,40000001,42500000,12q,0.3687868,0.960465080018995,39
chr12,42500001,45000000,12q,0.3798112,0.967316492320017,0
chr12,45000001,47500000,12q,0.3837888,0.961322071647889,0
chr12,47500001,50000000,12q,0.4444884,0.96820861166173,114
chr12,50000001,52500000,12q,0.4509768,0.975685860105249,0
chr12,52500001,55000000,12q,0.4805096,0.97397928404718,0
chr12,55000001,57500000,12q,0.4320656,0.940651120608271,191
chr12,57500001,60000000,12q,0.4128872,0.964147845514627,20
chr12,60000001,62500000,12q,0.3555092,0.957910462502795,36
chr12,62500001,65000000,12q,0.3911992,0.947171811482402,0
chr12,65000001,67500000,12q,0.3935096,0.97536029674049,0
chr12,67500001,70000000,12q,0.3988116,0.975139272514856,207
chr12,70000001,72500000,12q,0.382292,0.96613341572171,64
chr12,72500001,75000000,12q,0.3555296,0.957845367820201,0
chr12,75000001,77500000,12q,0.3768368,0.978695165069725,512
chr12,77500001,80000000,12q,0.3618852,0.97049072631519,0
chr12,80000001,82500000,12q,0.3595496,0.963910832328539,119
chr12,82500001,85000000,12q,0.3594856,0.966340930213653,37
chr12,85000001,87500000,12q,0.3459404,0.968759607693264,64
chr12,87500001,90000000,12q,0.366986,0.96572600714855,0
chr12,90000001,92500000,12q,0.3631448,0.981904157888611,37
chr12,92500001,95000000,12q,0.407052,0.977355739198324,336
chr12,95000001,97500000,12q,0.4070676,0.971633129696432,0
chr12,97500001,100000000,12q,0.3906648,0.972877002811757,0
chr12,100000001,102500000,12q,0.3949852,0.974130117279011,129
chr12,102500001,105000000,12q,0.4060532,0.968932739382537,110
chr12,105000001,107500000,12q,0.4144148,0.97126940536916,0
chr12,107500001,110000000,12q,0.4414564,0.984448985164463,0
chr12,110000001,112500000,12q,0.4637384,0.981852446549754,0
chr12,112500001,115000000,12q,0.4612192,0.986516430782658,110
chr12,115000001,117500000,12q,0.4350424,0.990990988977607,0
chr12,117500001,120000000,12q,0.4413208,0.982012390394397,57
chr12,120000001,122500000,12q,0.4737668,0.980438384788085,0
chr12,122500001,125000000,12q,0.468292,0.978975711561155,0
chr12,125000001,127500000,12q,0.4409132,0.98370089779736,1747
chr12,127500001,130000000,12q,0.4316628,0.976471231043455,1224
chr12,130000001,132500000,12q,0.4783292,0.965179836584381,590
chr13,20000001,22500000,13q,0.4220732,0.957655051862104,0
chr13,22500001,25000000,13q,0.4092976,0.968242276621868,2877
chr13,25000001,27500000,13q,0.4176096,0.967806415978411,254
chr13,27500001,30000000,13q,0.4195712,0.984038337856041,0
chr13,30000001,32500000,13q,0.4211416,0.973284937925719,262
chr13,32500001,35000000,13q,0.3921052,0.98402146265287,0
chr13,35000001,37500000,13q,0.3832692,0.975647548188204,49
chr13,37500001,40000000,13q,0.3698656,0.973882935445487,0
chr13,40000001,42500000,13q,0.401814,0.962667105776724,20
chr13,42500001,45000000,13q,0.3990672,0.973841261707261,0
chr13,45000001,47500000,13q,0.4102356,0.972913279853432,0
chr13,47500001,50000000,13q,0.3906824,0.963276651556573,53
chr13,50000001,52500000,13q,0.4082812,0.967109727831006,0
chr13,52500001,55000000,13q,0.3907984,0.93241989123551,66
chr13,55000001,57500000,13q,0.3451368,0.979508976135062,0
chr13,57500001,60000000,13q,0.3541236,0.966719662818953,0
chr13,60000001,62500000,13q,0.367146,0.973099795617556,0
chr13,62500001,65000000,13q,0.342464,0.97147235493974,0
chr13,65000001,67500000,13q,0.345748,0.980294907813773,0
chr13,67500001,70000000,13q,0.342986,0.982051467336161,180
chr13,70000001,72500000,13q,0.3441268,0.98296335334245,0
chr13,72500001,75000000,13q,0.3788544,0.979625068264848,46
chr13,75000001,77500000,13q,0.3775736,0.970773419916348,0
chr13,77500001,80000000,13q,0.3748032,0.973329696687437,129
chr13,80000001,82500000,13q,0.365592,0.969598950719449,0
chr13,82500001,85000000,13q,0.3442516,0.980331177218856,314
chr13,85000001,87500000,13q,0.3258692,0.977597628918135,111
chr13,87500001,90000000,13q,0.3430944,0.977835788993961,0
chr13,90000001,92500000,13q,0.3587156,0.983712145293517,0
chr13,92500001,95000000,13q,0.3632508,0.97387864951663,34
chr13,95000001,97500000,13q,0.397986,0.975659546945974,93
chr13,97500001,100000000,13q,0.4212032,0.976591061401868,0
chr13,100000001,102500000,13q,0.4085956,0.976080459190044,111
chr13,102500001,105000000,13q,0.3744404,0.98290355248004,83
chr13,105000001,107500000,13q,0.3755944,0.980984888122941,0
chr13,107500001,110000000,13q,0.3811508,0.977584269700686,0
chr13,110000001,112500000,13q,0.4219556,0.97852883800709,256
chr13,112500001,115000000,13q,0.4587848,0.960720766699676,804
chr14,20000001,22500000,14q,0.4089144,0.904672528540469,66
chr14,22500001,25000000,14q,0.4509596,0.956746691207458,138
chr14,25000001,27500000,14q,0.3731908,0.963308303744667,0
chr14,27500001,30000000,14q,0.3518824,0.956527291858054,0
chr14,30000001,32500000,14q,0.3863008,0.968947451092598,0
chr14,32500001,35000000,14q,0.3933596,0.974004808429537,1021
chr14,35000001,37500000,14q,0.4018948,0.966684205762876,0
chr14,37500001,40000000,14q,0.3798148,0.958767352623116,0
chr14,40000001,42500000,14q,0.351906,0.95612053795361,350
chr14,42500001,45000000,14q,0.3482976,0.958561242479006,50
chr14,45000001,47500000,14q,0.363774,0.950883593765971,126
chr14,47500001,50000000,14q,0.3629588,0.961600538221263,66
chr14,50000001,52500000,14q,0.4081464,0.975234340294492,0
chr14,52500001,55000000,14q,0.3960064,0.967397583124243,154
chr14,55000001,57500000,14q,0.409146,0.973190575452279,195
chr14,57500001,60000000,14q,0.3948888,0.968528430018667,0
chr14,60000001,62500000,14q,0.3943272,0.968209772948401,113
chr14,62500001,65000000,14q,0.395224,0.970915869085212,0
chr14,65000001,67500000,14q,0.411408,0.971128021202912,0
chr14,67500001,70000000,14q,0.4281388,0.981564901595454,0
chr14,70000001,72500000,14q,0.4189428,0.96781720225602,0
chr14,72500001,75000000,14q,0.4457456,0.978252200242047,98
chr14,75000001,77500000,14q,0.452564,0.985240596709675,0
chr14,77500001,80000000,14q,0.4225424,0.983889311732069,0
chr14,80000001,82500000,14q,0.3850124,0.97158025532452,0
chr14,82500001,85000000,14q,0.3561876,0.984361675865243,0
chr14,85000001,87500000,14q,0.3651764,0.971250889394614,0
chr14,87500001,90000000,14q,0.4048356,0.977759816352932,544
chr14,90000001,92500000,14q,0.4361604,0.980733967287879,244
chr14,92500001,95000000,14q,0.454652,0.983048867691329,27
chr14,95000001,97500000,14q,0.4513996,0.98868983021844,153
chr14,97500001,100000000,14q,0.4328632,0.990322433727151,0
chr14,100000001,102500000,14q,0.4819504,0.986650273421134,0
chr14,102500001,105000000,14q,0.4928024,0.981982857193134,76
chr15,20000001,22500000,15q,0.3188396,0.543146903569155,39625
chr15,22500001,25000000,15q,0.4009084,0.782828739850147,316
chr15,25000001,27500000,15q,0.4191828,0.985400795111029,0
chr15,27500001,30000000,15q,0.425968,0.839009475461041,949
chr15,30000001,32500000,15q,0.4314116,0.802535904721732,0
chr15,32500001,35000000,15q,0.4135588,0.866478578739491,44
chr15,35000001,37500000,15q,0.375854,0.97865875105166,89
chr15,37500001,40000000,15q,0.3874948,0.964312991471387,0
chr15,40000001,42500000,15q,0.4627584,0.982508123687897,0
chr15,42500001,45000000,15q,0.4238176,0.946107313628609,0
chr15,45000001,47500000,15q,0.3988124,0.947987565330917,1305
chr15,47500001,50000000,15q,0.3856888,0.980065559566253,0
chr15,50000001,52500000,15q,0.408012,0.971205436800399,333
chr15,52500001,55000000,15q,0.3850756,0.969273441538535,20
chr15,55000001,57500000,15q,0.3866444,0.960987112123068,0
chr15,57500001,60000000,15q,0.4163128,0.987011141808654,415
chr15,60000001,62500000,15q,0.4043852,0.979425719297,0
chr15,62500001,65000000,15q,0.432064,0.982890094218843,42
chr15,65000001,67500000,15q,0.4643696,0.985363264689701,0
chr15,67500001,70000000,15q,0.4332988,0.984457555370932,0
chr15,70000001,72500000,15q,0.4344096,0.974588465162494,0
chr15,72500001,75000000,15q,0.454886,0.959154931283087,0
chr15,75000001,77500000,15q,0.4472008,0.951178035441961,0
chr15,77500001,80000000,15q,0.4618564,0.961534091746383,0
chr15,80000001,82500000,15q,0.4249804,0.968264840281338,56
chr15,82500001,85000000,15q,0.4215728,0.758397723781971,0
chr15,85000001,87500000,15q,0.4175864,0.933997627386135,0
chr15,87500001,90000000,15q,0.4350004,0.967112195577143,107
chr15,90000001,92500000,15q,0.4475128,0.975802457622913,0
chr15,92500001,95000000,15q,0.4225812,0.973614697200875,351
chr15,95000001,97500000,15q,0.3906688,0.988986228979686,0
chr15,97500001,100000000,15q,0.4125536,0.975145287135264,0
chr15,100000001,102500000,15q,0.4404452,0.932824909176471,77
chr16,2500001,5000000,16p,0.5120804,0.963583938264769,3996
chr16,5000001,7500000,16p,0.4323352,0.979254872513694,143
chr16,7500001,10000000,16p,0.4238132,0.978515640492705,0
chr16,10000001,12500000,16p,0.466506,0.977461795181307,79
chr16,12500001,15000000,16p,0.4352296,0.928499227711544,229
chr16,15000001,17500000,16p,0.459768,0.760638246041115,0
chr16,17500001,20000000,16p,0.4433276,0.833817445332319,0
chr16,20000001,22500000,16p,0.4365308,0.845328603158871,0
chr16,22500001,25000000,16p,0.44191,0.957642486307585,480
chr16,25000001,27500000,16p,0.4318168,0.987419222584222,0
chr16,27500001,30000000,16p,0.4892064,0.785194952333687,252
chr16,30000001,32500000,16p,0.469076,0.805158005001952,7908
chr16,32500001,35000000,16p,0.3952268,0.68845870205984,313559
chr16,40000001,42500000,16q,0,0,0
chr16,42500001,45000000,16q,0,0,0
chr16,45000001,47500000,16q,0.182398,0.915002465141427,73618
chr16,47500001,50000000,16q,0.44206,0.971379342982444,714
chr16,50000001,52500000,16q,0.4281444,0.98323821809378,62
chr16,52500001,55000000,16q,0.4136456,0.983516600973086,0
chr16,55000001,57500000,16q,0.4507608,0.978142827585204,825
chr16,57500001,60000000,16q,0.4307856,0.970641276473695,0
chr16,60000001,62500000,16q,0.364994,0.970682302635703,0
chr16,62500001,65000000,16q,0.3665148,0.979510120692663,0
chr16,65000001,67500000,16q,0.4510212,0.979405716758078,0
chr16,67500001,70000000,16q,0.4663048,0.976508807010752,0
chr16,70000001,72500000,16q,0.4439752,0.921657480264464,27
chr16,72500001,75000000,16q,0.4257164,0.958473366638048,0
chr16,75000001,77500000,16q,0.4034132,0.976743850694928,0
chr16,77500001,80000000,16q,0.42639,0.99306848872232,0
chr16,80000001,82500000,16q,0.4391084,0.979592071480043,553
chr16,82500001,85000000,16q,0.45463,0.989993410063379,0
chr16,85000001,87500000,16q,0.5077108,0.983488858413065,522
chr16,87500001,90000000,16q,0.540448,0.951215441880611,0
chr17,1,2500000,17p,0.48388,0.955738149843057,0
chr17,2500001,5000000,17p,0.484306,0.953192899635613,0
chr17,5000001,7500000,17p,0.4726828,0.973991074506893,189
chr17,7500001,10000000,17p,0.470912,0.981725120153236,0
chr17,10000001,12500000,17p,0.4226912,0.979055613058393,0
chr17,12500001,15000000,17p,0.4076824,0.980324877650066,0
chr17,15000001,17500000,17p,0.457228,0.893675650372028,41
chr17,17500001,20000000,17p,0.4826372,0.84851668548275,8358
chr17,27500001,30000000,17q,0.4313028,0.951120737870811,0
chr17,30000001,32500000,17q,0.4395744,0.956767531733268,125
chr17,32500001,35000000,17q,0.4409416,0.899076310089097,391
chr17,35000001,37500000,17q,0.4668892,0.937224766400621,0
chr17,37500001,40000000,17q,0.464754,0.978006942842404,67
chr17,40000001,42500000,17q,0.4906656,0.975061633779086,0
chr17,42500001,45000000,17q,0.4684912,0.856549521361184,39
chr17,45000001,47500000,17q,0.4531972,0.955987851885651,0
chr17,47500001,50000000,17q,0.4674972,0.985824124193673,0
chr17,50000001,52500000,17q,0.3653744,0.976232816239272,653
chr17,52500001,55000000,17q,0.4016952,0.975918575559389,0
chr17,55000001,57500000,17q,0.4473088,0.983233850617923,134
chr17,57500001,60000000,17q,0.411022,0.949494037501593,462
chr17,60000001,62500000,17q,0.4297944,0.952787263547565,134
chr17,62500001,65000000,17q,0.4335204,0.955317476608512,0
chr17,65000001,67500000,17q,0.4206076,0.972732910059305,0
chr17,67500001,70000000,17q,0.378522,0.98033188498675,0
chr17,70000001,72500000,17q,0.482384,0.988925730887238,140
chr17,72500001,75000000,17q,0.5099948,0.980388299452451,56
chr17,75000001,77500000,17q,0.5123928,0.986546784607107,358
chr17,77500001,80000000,17q,0.5229028,0.971734376376093,0
chr18,2500001,5000000,18p,0.3974356,0.979181756281856,0
chr18,5000001,7500000,18p,0.4060956,0.976328179897054,46
chr18,7500001,10000000,18p,0.414952,0.97742659477774,0
chr18,10000001,12500000,18p,0.4301732,0.94974176815582,0
chr18,12500001,15000000,18p,0.4235716,0.861127255922959,921
chr18,20000001,22500000,18q,0.4187544,0.973218612298355,154
chr18,22500001,25000000,18q,0.3930512,0.981036832687038,0
chr18,25000001,27500000,18q,0.3592444,0.97611422095883,0
chr18,27500001,30000000,18q,0.3752712,0.979889817194533,696
chr18,30000001,32500000,18q,0.3660724,0.971597309780349,0
chr18,32500001,35000000,18q,0.4145864,0.970023588140478,0
chr18,35000001,37500000,18q,0.386804,0.983965043550599,108
chr18,37500001,40000000,18q,0.3658428,0.981381103495821,0
chr18,40000001,42500000,18q,0.3706844,0.974100635183754,56
chr18,42500001,45000000,18q,0.4314684,0.974308334767232,400
chr18,45000001,47500000,18q,0.4471652,0.973398256638703,192
chr18,47500001,50000000,18q,0.4105704,0.97622997836793,175
chr18,50000001,52500000,18q,0.3515748,0.972632654936594,116
chr18,52500001,55000000,18q,0.3901168,0.978363262229516,0
chr18,55000001,57500000,18q,0.431108,0.980196028085539,0
chr18,57500001,60000000,18q,0.3789976,0.974291706252846,86
chr18,60000001,62500000,18q,0.3978232,0.975511716273208,0
chr18,62500001,65000000,18q,0.345404,0.984345356080216,0
chr18,65000001,67500000,18q,0.3545484,0.978759856579903,317
chr18,67500001,70000000,18q,0.3695816,0.971824858695197,0
chr18,70000001,72500000,18q,0.3824376,0.981806188896224,259
chr18,72500001,75000000,18q,0.4291736,0.985353793006086,0
chr18,75000001,77500000,18q,0.4415444,0.968840870362899,821
chr19,2500001,5000000,19p,0.5426624,0.975777193289352,0
chr19,5000001,7500000,19p,0.4936992,0.962006076829154,908
chr19,7500001,10000000,19p,0.4789792,0.955651290926425,65
chr19,10000001,12500000,19p,0.496998,0.974132909268366,154
chr19,12500001,15000000,19p,0.501114,0.970865347977742,0
chr19,15000001,17500000,19p,0.4960236,0.978412480415826,0
chr19,17500001,20000000,19p,0.5255496,0.982064219252632,0
chr19,20000001,22500000,19p,0.3989972,0.940758862162467,114676
chr19,30000001,32500000,19q,0.4513664,0.989116032817205,0
chr19,32500001,35000000,19q,0.4673404,0.981639548219435,0
chr19,35000001,37500000,19q,0.4720628,0.955547431563078,244
chr19,37500001,40000000,19q,0.4827428,0.956146374135179,0
chr19,40000001,42500000,19q,0.4805784,0.952794260668859,1902
chr19,42500001,45000000,19q,0.45456,0.907299943425313,7813
chr19,45000001,47500000,19q,0.50504,0.97985219756757,1561
chr19,47500001,50000000,19q,0.510854,0.95284357278546,21
chr19,50000001,52500000,19q,0.4985772,0.958659996038547,113
chr19,52500001,55000000,19q,0.4649384,0.954651406747562,179
chr19,55000001,57500000,19q,0.4783192,0.955434413509797,0
chr20,2500001,5000000,20p,0.4562932,0.975148842378344,0
chr20,5000001,7500000,20p,0.4042864,0.975303484775734,97
chr20,7500001,10000000,20p,0.3837216,0.980027679802798,76
chr20,10000001,12500000,20p,0.3928084,0.97970776961612,0
chr20,12500001,15000000,20p,0.385442,0.973913414348038,0
chr20,15000001,17500000,20p,0.398846,0.981910844277107,478
chr20,17500001,20000000,20p,0.4374216,0.973451619435247,0
chr20,20000001,22500000,20p,0.4124332,0.974834480616357,0
chr20,22500001,25000000,20p,0.4470424,0.962588439880843,0
chr20,30000001,32500000,20q,0.4811464,0.982360716977176,0
chr20,32500001,35000000,20q,0.4480756,0.978753420785889,0
chr20,35000001,37500000,20q,0.4692028,0.984402867374356,0
chr20,37500001,40000000,20q,0.4248652,0.976469126745633,0
chr20,40000001,42500000,20q,0.4334812,0.974395566856474,0
chr20,42500001,45000000,20q,0.461428,0.983197842705281,0
chr20,45000001,47500000,20q,0.464988,0.979616947092545,106
chr20,47500001,50000000,20q,0.4718008,0.986731024980262,0
chr20,50000001,52500000,20q,0.4310192,0.980697024132399,0
chr20,52500001,55000000,20q,0.3948436,0.969521558873636,152
chr20,55000001,57500000,20q,0.4770736,0.992654559583054,3411
chr20,57500001,60000000,20q,0.4478012,0.986256402234445,0
chr20,60000001,62500000,20q,0.5360372,0.98472863580935,413
chr21,15000001,17500000,21q,0.3806548,0.916451537842438,675
chr21,17500001,20000000,21q,0.370462,0.964027482418332,557
chr21,20000001,22500000,21q,0.3518152,0.982769789414515,0
chr21,22500001,25000000,21q,0.3463324,0.98629781844275,0
chr21,25000001,27500000,21q,0.3679236,0.986983452500288,262
chr21,27500001,30000000,21q,0.37101,0.962959351260999,0
chr21,30000001,32500000,21q,0.3837928,0.985215440283347,252
chr21,32500001,35000000,21q,0.4379752,0.98422972734144,383
chr21,35000001,37500000,21q,0.426038,0.985657254817835,0
chr21,37500001,40000000,21q,0.434072,0.984090246075639,68
chr21,40000001,42500000,21q,0.424152,0.979753650453566,0
chr21,42500001,45000000,21q,0.4760908,0.98581088055847,0
chr21,45000001,47500000,21q,0.5182544,0.981145014521653,1706
chr22,17500001,20000000,22q,0.485996,0.906517753406069,242
chr22,20000001,22500000,22q,0.4832276,0.766236859308972,6289
chr22,22500001,25000000,22q,0.4854844,0.919801758936576,624
chr22,25000001,27500000,22q,0.4597828,0.96143195684496,175
chr22,27500001,30000000,22q,0.4502352,0.968441585610761,0
chr22,30000001,32500000,22q,0.4715056,0.98232312705781,0
chr22,32500001,35000000,22q,0.4348256,0.978461255823007,0
chr22,35000001,37500000,22q,0.4663352,0.977630828370555,0
chr22,37500001,40000000,22q,0.5200788,0.97567678865023,0
chr22,40000001,42500000,22q,0.4668116,0.980314828002012,0
chr22,42500001,45000000,22q,0.5040172,0.978567003279957,0
chr22,45000001,47500000,22q,0.5072016,0.987624589509687,0
chr22,47500001,50000000,22q,0.4891712,0.986598592818276,808
chrX,2500001,5000000,Xp,0.4107204,0.904644051912879,0
chrX,5000001,7500000,Xp,0.3921,0.974101279170217,0
chrX,7500001,10000000,Xp,0.4052588,0.973566494091169,0
chrX,10000001,12500000,Xp,0.3893972,0.963905780019054,0
chrX,12500001,15000000,Xp,0.3985492,0.962449199807365,258
chrX,15000001,17500000,Xp,0.4043612,0.964037318184659,538
chrX,17500001,20000000,Xp,0.42469,0.971673263872989,0
chrX,20000001,22500000,Xp,0.3890248,0.971359161036219,347
chrX,22500001,25000000,Xp,0.4013412,0.969640351299379,31
chrX,25000001,27500000,Xp,0.3709272,0.964499227969739,0
chrX,27500001,30000000,Xp,0.363998,0.97278953201529,25
chrX,30000001,32500000,Xp,0.3791552,0.969683839490842,181
chrX,32500001,35000000,Xp,0.3602864,0.980399561639527,269
chrX,35000001,37500000,Xp,0.364978,0.95859565084278,330
chrX,37500001,40000000,Xp,0.42284,0.983417697804313,0
chrX,40000001,42500000,Xp,0.4180724,0.971599161393421,0
chrX,42500001,45000000,Xp,0.3952092,0.969774613444409,0
chrX,45000001,47500000,Xp,0.4164336,0.973134541251752,66
chrX,47500001,50000000,Xp,0.4344392,0.874208475881337,364
chrX,50000001,52500000,Xp,0.3899368,0.824357576689736,198
chrX,52500001,55000000,Xp,0.434144,0.876497730423879,70
chrX,55000001,57500000,Xp,0.3929416,0.898325735394595,5775
chrX,62500001,65000000,Xq,0.397138,0.914621342209734,0
chrX,65000001,67500000,Xq,0.3837256,0.92359033760192,25
chrX,67500001,70000000,Xq,0.4300296,0.941722395607203,0
chrX,70000001,72500000,Xq,0.4288544,0.875010586062161,0
chrX,72500001,75000000,Xq,0.395082,0.917540629611013,262
chrX,75000001,77500000,Xq,0.3826176,0.911872932587258,0
chrX,77500001,80000000,Xq,0.3695888,0.941697737598846,0
chrX,80000001,82500000,Xq,0.3636944,0.948748308001286,0
chrX,82500001,85000000,Xq,0.3637872,0.949676725921502,355
chrX,85000001,87500000,Xq,0.3622604,0.95177089834425,0
chrX,87500001,90000000,Xq,0.3564256,0.758086973511855,274
chrX,90000001,92500000,Xq,0.3618416,0.679364028388849,0
chrX,92500001,95000000,Xq,0.3604864,0.971977980240833,429
chrX,95000001,97500000,Xq,0.3718892,0.960605953176942,396
chrX,97500001,100000000,Xq,0.372016,0.956219272801149,462
chrX,100000001,102500000,Xq,0.4067484,0.88676384646458,0
chrX,102500001,105000000,Xq,0.3927792,0.939899861123981,0
chrX,105000001,107500000,Xq,0.3972168,0.952797318808347,0
chrX,107500001,110000000,Xq,0.3884404,0.94832267380543,482
chrX,110000001,112500000,Xq,0.3892988,0.952839559393228,0
chrX,112500001,115000000,Xq,0.3690736,0.942989112691435,0
chrX,115000001,117500000,Xq,0.3693652,0.936566148279988,424
chrX,117500001,120000000,Xq,0.4241772,0.949606474604346,0
chrX,120000001,122500000,Xq,0.3681008,0.938196718093103,0
chrX,122500001,125000000,Xq,0.3816876,0.967049214099425,0
chrX,125000001,127500000,Xq,0.3565132,0.949790307724113,1581
chrX,127500001,130000000,Xq,0.4101524,0.955854503951933,0
chrX,130000001,132500000,Xq,0.3962748,0.944299385152225,282
chrX,132500001,135000000,Xq,0.4120384,0.923184475157243,195
chrX,135000001,137500000,Xq,0.4024172,0.964827227556996,0
chrX,137500001,140000000,Xq,0.3902828,0.962157080380615,215
chrX,140000001,142500000,Xq,0.3787864,0.893332522709993,0
chrX,142500001,145000000,Xq,0.364106,0.953232808291351,0
chrX,145000001,147500000,Xq,0.3773884,0.956506318786893,0
chrX,147500001,150000000,Xq,0.4000912,0.933854203431187,0
chrX,150000001,152500000,Xq,0.4164348,0.908927956522943,0
chrX,152500001,155000000,Xq,0.470082,0.867335219558086,0
